{
  "project_info": {
    "project_number": "31899930009",
    "project_id": "avchatmariha",
    "storage_bucket": "avchatmariha.appspot.com"
  },
  "client": [
    {
      "client_info": {
        "mobilesdk_app_id": "1:31899930009:android:2fdcdc3681bea7999c5708",
        "android_client_info": {
          "package_name": "com.av.avmessenger"
        }
      },
      "oauth_client": [],
      "api_key": [
        {
          "current_key": "AIzaSyC_K_HblonboiPy4H4OTF8UtPif4i6sf3o"
        }
      ],
      "services": {
        "appinvite_service": {
          "other_platform_oauth_client": []
        }
      }
    }
  ],
  "configuration_version": "1"
}