{"v":"5.5.7","meta":{"g":"LottieFiles AE 0.1.21","a":"","k":"","d":"","tc":""},"fr":60,"ip":0,"op":269,"w":400,"h":400,"nm":"For LottieFiles 2","ddd":0,"assets":[],"layers":[{"ddd":0,"ind":1,"ty":4,"nm":"Messages - 1","sr":1,"ks":{"o":{"a":0,"k":100,"ix":11},"r":{"a":1,"k":[{"i":{"x":[0.833],"y":[0.609]},"o":{"x":[0.167],"y":[0.167]},"t":0,"s":[0]},{"t":1,"s":[-0.034],"h":1},{"t":2,"s":[-0.157],"h":1},{"t":3,"s":[-0.435],"h":1},{"t":4,"s":[-1.036],"h":1},{"t":5,"s":[-2.538],"h":1},{"t":6,"s":[-4.239],"h":1},{"t":7,"s":[-5.028],"h":1},{"t":8,"s":[-5.458],"h":1},{"t":9,"s":[-5.716],"h":1},{"t":10,"s":[-5.871],"h":1},{"t":11,"s":[-5.958],"h":1},{"t":12,"s":[-5.996],"h":1},{"t":13,"s":[-5.995],"h":1},{"t":14,"s":[-5.945],"h":1},{"t":15,"s":[-5.836],"h":1},{"t":16,"s":[-5.661],"h":1},{"t":17,"s":[-5.411],"h":1},{"t":18,"s":[-5.076],"h":1},{"t":19,"s":[-4.643],"h":1},{"t":20,"s":[-4.096],"h":1},{"t":21,"s":[-3.421],"h":1},{"t":22,"s":[-2.608],"h":1},{"t":23,"s":[-1.674],"h":1},{"t":24,"s":[-0.717],"h":1},{"t":25,"s":[0.006],"h":1},{"t":26,"s":[0.412],"h":1},{"t":27,"s":[0.733],"h":1},{"t":28,"s":[0.977],"h":1},{"t":29,"s":[1.15],"h":1},{"t":30,"s":[1.261],"h":1},{"t":31,"s":[1.319],"h":1},{"t":32,"s":[1.331],"h":1},{"t":33,"s":[1.305],"h":1},{"t":34,"s":[1.249],"h":1},{"t":35,"s":[1.17],"h":1},{"t":36,"s":[1.074],"h":1},{"t":37,"s":[0.967],"h":1},{"t":38,"s":[0.853],"h":1},{"t":39,"s":[0.737],"h":1},{"t":40,"s":[0.623],"h":1},{"t":41,"s":[0.513],"h":1},{"t":42,"s":[0.409],"h":1},{"t":43,"s":[0.313],"h":1},{"t":44,"s":[0.226],"h":1},{"t":45,"s":[0.149],"h":1},{"t":46,"s":[0.081],"h":1},{"t":47,"s":[0.024],"h":1},{"t":48,"s":[-0.023],"h":1},{"t":49,"s":[-0.061],"h":1},{"t":50,"s":[-0.091],"h":1},{"t":51,"s":[-0.113],"h":1},{"t":52,"s":[-0.128],"h":1},{"t":53,"s":[-0.137],"h":1},{"t":54,"s":[-0.14],"h":1},{"t":55,"s":[-0.139],"h":1},{"t":56,"s":[-0.135],"h":1},{"t":57,"s":[-0.128],"h":1},{"t":58,"s":[-0.118],"h":1},{"t":59,"s":[-0.108],"h":1},{"t":60,"s":[-0.096],"h":1},{"t":61,"s":[-0.084],"h":1},{"t":62,"s":[-0.072],"h":1},{"t":63,"s":[-0.06],"h":1},{"t":64,"s":[-0.048],"h":1},{"t":65,"s":[-0.038],"h":1},{"t":66,"s":[-0.028],"h":1},{"t":67,"s":[-0.02],"h":1},{"t":68,"s":[-0.012],"h":1},{"t":69,"s":[-0.005],"h":1},{"t":70,"s":[0],"h":1},{"t":71,"s":[0.005],"h":1},{"t":72,"s":[0.008],"h":1},{"t":73,"s":[0.011],"h":1},{"t":74,"s":[0.013],"h":1},{"t":75,"s":[0.014],"h":1},{"t":76,"s":[0.015],"h":1},{"t":77,"s":[0.015],"h":1},{"t":78,"s":[0.014],"h":1},{"t":79,"s":[0.014],"h":1},{"t":80,"s":[0.013],"h":1},{"t":81,"s":[0.012],"h":1},{"t":82,"s":[0.011],"h":1},{"t":83,"s":[0.009],"h":1},{"t":84,"s":[0.008],"h":1},{"t":85,"s":[0.007],"h":1},{"t":86,"s":[0.006],"h":1},{"t":87,"s":[0.005],"h":1},{"t":88,"s":[-0.349],"h":1},{"t":89,"s":[-1.244],"h":1},{"t":90,"s":[-2.208],"h":1},{"t":91,"s":[-3.078],"h":1},{"t":92,"s":[-3.812],"h":1},{"t":93,"s":[-4.413],"h":1},{"t":94,"s":[-4.894],"h":1},{"t":95,"s":[-5.27],"h":1},{"t":96,"s":[-5.556],"h":1},{"t":97,"s":[-5.763],"h":1},{"t":98,"s":[-5.901],"h":1},{"t":99,"s":[-5.978],"h":1},{"t":100,"s":[-6],"h":1},{"t":101,"s":[-5.966],"h":1},{"t":102,"s":[-5.838],"h":1},{"t":103,"s":[-5.55],"h":1},{"t":104,"s":[-4.92],"h":1},{"t":105,"s":[-3.344],"h":1},{"t":106,"s":[-1.708],"h":1},{"t":107,"s":[-0.951],"h":1},{"t":108,"s":[-0.534],"h":1},{"t":109,"s":[-0.284],"h":1},{"t":110,"s":[-0.133],"h":1},{"t":111,"s":[-0.048],"h":1},{"t":112,"s":[-0.012],"h":1},{"t":113,"s":[0.001],"h":1},{"t":114,"s":[0.004],"h":1},{"t":115,"s":[0.005],"h":1},{"t":116,"s":[0.007],"h":1},{"t":117,"s":[0.007],"h":1},{"t":118,"s":[0.008],"h":1},{"t":119,"s":[0.008],"h":1},{"t":120,"s":[0.008],"h":1},{"t":121,"s":[0.008],"h":1},{"t":122,"s":[0.007],"h":1},{"t":123,"s":[0.007],"h":1},{"t":124,"s":[0.006],"h":1},{"t":125,"s":[0.006],"h":1},{"t":126,"s":[0.005],"h":1},{"t":127,"s":[0.004],"h":1},{"t":128,"s":[0.003],"h":1},{"t":129,"s":[0.003],"h":1},{"t":130,"s":[0.002],"h":1},{"t":131,"s":[0.002],"h":1},{"t":132,"s":[0.001],"h":1},{"t":133,"s":[0.001],"h":1},{"t":134,"s":[0],"h":1},{"t":135,"s":[0],"h":1},{"t":136,"s":[0],"h":1},{"t":137,"s":[0],"h":1},{"t":138,"s":[-0.001],"h":1},{"t":139,"s":[-0.001],"h":1},{"t":140,"s":[-0.001],"h":1},{"t":141,"s":[-0.001],"h":1},{"t":142,"s":[-0.001],"h":1},{"t":143,"s":[-0.001],"h":1},{"t":144,"s":[-0.001],"h":1},{"t":145,"s":[-0.001],"h":1},{"t":146,"s":[-0.001],"h":1},{"t":147,"s":[-0.001],"h":1},{"t":148,"s":[-0.001],"h":1},{"t":149,"s":[0],"h":1},{"t":150,"s":[0],"h":1},{"t":151,"s":[-0.04],"h":1},{"t":152,"s":[-0.174],"h":1},{"t":153,"s":[-0.47],"h":1},{"t":154,"s":[-1.118],"h":1},{"t":155,"s":[-2.728],"h":1},{"t":156,"s":[-4.333],"h":1},{"t":157,"s":[-5.076],"h":1},{"t":158,"s":[-5.486],"h":1},{"t":159,"s":[-5.733],"h":1},{"t":160,"s":[-5.881],"h":1},{"t":161,"s":[-5.963],"h":1},{"t":162,"s":[-5.997],"h":1},{"t":163,"s":[-5.993],"h":1},{"t":164,"s":[-5.938],"h":1},{"t":165,"s":[-5.823],"h":1},{"t":166,"s":[-5.642],"h":1},{"t":167,"s":[-5.385],"h":1},{"t":168,"s":[-5.042],"h":1},{"t":169,"s":[-4.599],"h":1},{"t":170,"s":[-4.041],"h":1},{"t":171,"s":[-3.354],"h":1},{"t":172,"s":[-2.529],"h":1},{"t":173,"s":[-1.587],"h":1},{"t":174,"s":[-0.637],"h":1},{"t":175,"s":[0.046],"h":1},{"t":176,"s":[0.444],"h":1},{"t":177,"s":[0.758],"h":1},{"t":178,"s":[0.995],"h":1},{"t":179,"s":[1.163],"h":1},{"t":180,"s":[1.269],"h":1},{"t":181,"s":[1.322],"h":1},{"t":182,"s":[1.33],"h":1},{"t":183,"s":[1.301],"h":1},{"t":184,"s":[1.243],"h":1},{"t":185,"s":[1.162],"h":1},{"t":186,"s":[1.065],"h":1},{"t":187,"s":[0.957],"h":1},{"t":188,"s":[0.843],"h":1},{"t":189,"s":[0.727],"h":1},{"t":190,"s":[0.613],"h":1},{"t":191,"s":[0.503],"h":1},{"t":192,"s":[0.4],"h":1},{"t":193,"s":[0.305],"h":1},{"t":194,"s":[0.219],"h":1},{"t":195,"s":[0.142],"h":1},{"t":196,"s":[0.076],"h":1},{"t":197,"s":[0.02],"h":1},{"t":198,"s":[-0.027],"h":1},{"t":199,"s":[-0.064],"h":1},{"t":200,"s":[-0.093],"h":1},{"t":201,"s":[-0.115],"h":1},{"t":202,"s":[-0.129],"h":1},{"t":203,"s":[-0.137],"h":1},{"t":204,"s":[-0.14],"h":1},{"t":205,"s":[-0.139],"h":1},{"t":206,"s":[-0.134],"h":1},{"t":207,"s":[-0.127],"h":1},{"t":208,"s":[-0.118],"h":1},{"t":209,"s":[-0.107],"h":1},{"t":210,"s":[-0.095],"h":1},{"t":211,"s":[-0.083],"h":1},{"t":212,"s":[-0.071],"h":1},{"t":213,"s":[-0.059],"h":1},{"t":214,"s":[-0.047],"h":1},{"t":215,"s":[-0.037],"h":1},{"t":216,"s":[-0.027],"h":1},{"t":217,"s":[-0.019],"h":1},{"t":218,"s":[-0.011],"h":1},{"t":219,"s":[-0.005],"h":1},{"t":220,"s":[0.001],"h":1},{"t":221,"s":[0.005],"h":1},{"t":222,"s":[0.008],"h":1},{"t":223,"s":[0.011],"h":1},{"t":224,"s":[0.013],"h":1},{"t":225,"s":[0.014],"h":1},{"t":226,"s":[0.015],"h":1},{"t":227,"s":[0.015],"h":1},{"t":228,"s":[0.014],"h":1},{"t":229,"s":[0.014],"h":1},{"t":230,"s":[0.013],"h":1},{"t":231,"s":[0.012],"h":1},{"t":232,"s":[0.011],"h":1},{"t":233,"s":[0.009],"h":1},{"t":234,"s":[0.008],"h":1},{"t":235,"s":[0.007],"h":1},{"t":236,"s":[0.006],"h":1},{"t":237,"s":[0.004],"h":1},{"t":238,"s":[-0.417],"h":1},{"t":239,"s":[-1.33],"h":1},{"t":240,"s":[-2.289],"h":1},{"t":241,"s":[-3.148],"h":1},{"t":242,"s":[-3.87],"h":1},{"t":243,"s":[-4.46],"h":1},{"t":244,"s":[-4.931],"h":1},{"t":245,"s":[-5.299],"h":1},{"t":246,"s":[-5.577],"h":1},{"t":247,"s":[-5.778],"h":1},{"t":248,"s":[-5.91],"h":1},{"t":249,"s":[-5.982],"h":1},{"t":250,"s":[-6],"h":1},{"t":251,"s":[-5.959],"h":1},{"t":252,"s":[-5.82],"h":1},{"t":253,"s":[-5.513],"h":1},{"t":254,"s":[-4.832],"h":1},{"t":255,"s":[-3.153],"h":1},{"t":256,"s":[-1.617],"h":1},{"t":257,"s":[-0.904],"h":1},{"t":258,"s":[-0.507],"h":1},{"t":259,"s":[-0.267],"h":1},{"t":260,"s":[-0.123],"h":1},{"t":261,"s":[-0.043],"h":1},{"t":262,"s":[-0.011],"h":1},{"t":263,"s":[0.002],"h":1},{"t":264,"s":[0.004],"h":1},{"t":265,"s":[0.006],"h":1},{"t":266,"s":[0.007],"h":1},{"t":267,"s":[0.008],"h":1},{"t":268,"s":[0.008],"h":1}],"ix":10},"p":{"a":0,"k":[124.094,211.488,0],"ix":2},"a":{"a":0,"k":[180.717,607.368,0],"ix":1},"s":{"a":1,"k":[{"i":{"x":[0.833,0.833,0.833],"y":[1,1,1]},"o":{"x":[0.167,0.167,0.167],"y":[0,0,0]},"t":0,"s":[159.002,159.002,100]},{"t":1,"s":[159.002,159.002,100],"h":1},{"t":2,"s":[159.002,159.002,100],"h":1},{"t":3,"s":[159.002,159.002,100],"h":1},{"t":4,"s":[159.002,159.002,100],"h":1},{"t":5,"s":[159.002,159.002,100],"h":1},{"t":6,"s":[159.002,159.002,100],"h":1},{"t":7,"s":[159.002,159.002,100],"h":1},{"t":8,"s":[159.002,159.002,100],"h":1},{"t":9,"s":[159.002,159.002,100],"h":1},{"t":10,"s":[159.002,159.002,100],"h":1},{"t":11,"s":[159.002,159.002,100],"h":1},{"t":12,"s":[159.002,159.002,100],"h":1},{"t":13,"s":[159.028,159.028,100],"h":1},{"t":14,"s":[159.238,159.238,100],"h":1},{"t":15,"s":[159.68,159.68,100],"h":1},{"t":16,"s":[160.385,160.385,100],"h":1},{"t":17,"s":[161.388,161.388,100],"h":1},{"t":18,"s":[162.732,162.732,100],"h":1},{"t":19,"s":[164.469,164.469,100],"h":1},{"t":20,"s":[166.658,166.658,100],"h":1},{"t":21,"s":[169.36,169.36,100],"h":1},{"t":22,"s":[172.613,172.613,100],"h":1},{"t":23,"s":[176.35,176.35,100],"h":1},{"t":24,"s":[180.179,180.179,100],"h":1},{"t":25,"s":[183.049,183.049,100],"h":1},{"t":26,"s":[184.673,184.673,100],"h":1},{"t":27,"s":[185.96,185.96,100],"h":1},{"t":28,"s":[186.935,186.935,100],"h":1},{"t":29,"s":[187.628,187.628,100],"h":1},{"t":30,"s":[188.074,188.074,100],"h":1},{"t":31,"s":[188.303,188.303,100],"h":1},{"t":32,"s":[188.351,188.351,100],"h":1},{"t":33,"s":[188.248,188.248,100],"h":1},{"t":34,"s":[188.024,188.024,100],"h":1},{"t":35,"s":[187.707,187.707,100],"h":1},{"t":36,"s":[187.323,187.323,100],"h":1},{"t":37,"s":[186.894,186.894,100],"h":1},{"t":38,"s":[186.44,186.44,100],"h":1},{"t":39,"s":[185.976,185.976,100],"h":1},{"t":40,"s":[185.518,185.518,100],"h":1},{"t":41,"s":[185.077,185.077,100],"h":1},{"t":42,"s":[184.661,184.661,100],"h":1},{"t":43,"s":[184.276,184.276,100],"h":1},{"t":44,"s":[183.928,183.928,100],"h":1},{"t":45,"s":[183.619,183.619,100],"h":1},{"t":46,"s":[183.35,183.35,100],"h":1},{"t":47,"s":[183.121,183.121,100],"h":1},{"t":48,"s":[182.931,182.931,100],"h":1},{"t":49,"s":[182.778,182.778,100],"h":1},{"t":50,"s":[182.659,182.659,100],"h":1},{"t":51,"s":[182.572,182.572,100],"h":1},{"t":52,"s":[182.512,182.512,100],"h":1},{"t":53,"s":[182.477,182.477,100],"h":1},{"t":54,"s":[182.463,182.463,100],"h":1},{"t":55,"s":[182.466,182.466,100],"h":1},{"t":56,"s":[182.484,182.484,100],"h":1},{"t":57,"s":[182.513,182.513,100],"h":1},{"t":58,"s":[182.55,182.55,100],"h":1},{"t":59,"s":[182.593,182.593,100],"h":1},{"t":60,"s":[182.64,182.64,100],"h":1},{"t":61,"s":[182.688,182.688,100],"h":1},{"t":62,"s":[182.737,182.737,100],"h":1},{"t":63,"s":[182.785,182.785,100],"h":1},{"t":64,"s":[182.83,182.83,100],"h":1},{"t":65,"s":[182.872,182.872,100],"h":1},{"t":66,"s":[182.911,182.911,100],"h":1},{"t":67,"s":[182.946,182.946,100],"h":1},{"t":68,"s":[182.976,182.976,100],"h":1},{"t":69,"s":[183.002,183.002,100],"h":1},{"t":70,"s":[183.024,183.024,100],"h":1},{"t":71,"s":[183.042,183.042,100],"h":1},{"t":72,"s":[183.057,183.057,100],"h":1},{"t":73,"s":[183.067,183.067,100],"h":1},{"t":74,"s":[183.075,183.075,100],"h":1},{"t":75,"s":[183.08,183.08,100],"h":1},{"t":76,"s":[183.083,183.083,100],"h":1},{"t":77,"s":[183.083,183.083,100],"h":1},{"t":78,"s":[183.082,183.082,100],"h":1},{"t":79,"s":[183.08,183.08,100],"h":1},{"t":80,"s":[183.076,183.076,100],"h":1},{"t":81,"s":[183.072,183.072,100],"h":1},{"t":82,"s":[183.067,183.067,100],"h":1},{"t":83,"s":[183.062,183.062,100],"h":1},{"t":84,"s":[183.057,183.057,100],"h":1},{"t":85,"s":[183.052,183.052,100],"h":1},{"t":86,"s":[183.047,183.047,100],"h":1},{"t":87,"s":[183.042,183.042,100],"h":1},{"t":88,"s":[181.629,181.629,100],"h":1},{"t":89,"s":[178.042,178.042,100],"h":1},{"t":90,"s":[174.185,174.185,100],"h":1},{"t":91,"s":[170.701,170.701,100],"h":1},{"t":92,"s":[167.761,167.761,100],"h":1},{"t":93,"s":[165.357,165.357,100],"h":1},{"t":94,"s":[163.432,163.432,100],"h":1},{"t":95,"s":[161.925,161.925,100],"h":1},{"t":96,"s":[160.78,160.78,100],"h":1},{"t":97,"s":[159.951,159.951,100],"h":1},{"t":98,"s":[159.399,159.399,100],"h":1},{"t":99,"s":[159.092,159.092,100],"h":1},{"t":100,"s":[159.001,159.001,100],"h":1},{"t":101,"s":[158.987,158.987,100],"h":1},{"t":102,"s":[158.975,158.975,100],"h":1},{"t":103,"s":[158.966,158.966,100],"h":1},{"t":104,"s":[158.96,158.96,100],"h":1},{"t":105,"s":[158.956,158.956,100],"h":1},{"t":106,"s":[158.954,158.954,100],"h":1},{"t":107,"s":[158.954,158.954,100],"h":1},{"t":108,"s":[158.955,158.955,100],"h":1},{"t":109,"s":[158.957,158.957,100],"h":1},{"t":110,"s":[158.96,158.96,100],"h":1},{"t":111,"s":[158.963,158.963,100],"h":1},{"t":112,"s":[158.967,158.967,100],"h":1},{"t":113,"s":[158.971,158.971,100],"h":1},{"t":114,"s":[158.976,158.976,100],"h":1},{"t":115,"s":[158.98,158.98,100],"h":1},{"t":116,"s":[158.984,158.984,100],"h":1},{"t":117,"s":[158.987,158.987,100],"h":1},{"t":118,"s":[158.991,158.991,100],"h":1},{"t":119,"s":[158.994,158.994,100],"h":1},{"t":120,"s":[158.997,158.997,100],"h":1},{"t":121,"s":[158.999,158.999,100],"h":1},{"t":122,"s":[159.001,159.001,100],"h":1},{"t":123,"s":[159.003,159.003,100],"h":1},{"t":124,"s":[159.004,159.004,100],"h":1},{"t":125,"s":[159.005,159.005,100],"h":1},{"t":126,"s":[159.006,159.006,100],"h":1},{"t":127,"s":[159.007,159.007,100],"h":1},{"t":128,"s":[159.007,159.007,100],"h":1},{"t":129,"s":[159.007,159.007,100],"h":1},{"t":130,"s":[159.007,159.007,100],"h":1},{"t":131,"s":[159.007,159.007,100],"h":1},{"t":132,"s":[159.007,159.007,100],"h":1},{"t":133,"s":[159.006,159.006,100],"h":1},{"t":134,"s":[159.006,159.006,100],"h":1},{"t":135,"s":[159.006,159.006,100],"h":1},{"t":136,"s":[159.005,159.005,100],"h":1},{"t":137,"s":[159.005,159.005,100],"h":1},{"t":138,"s":[159.004,159.004,100],"h":1},{"t":139,"s":[159.004,159.004,100],"h":1},{"t":140,"s":[159.003,159.003,100],"h":1},{"t":141,"s":[159.003,159.003,100],"h":1},{"t":142,"s":[159.003,159.003,100],"h":1},{"t":143,"s":[159.003,159.003,100],"h":1},{"t":144,"s":[159.002,159.002,100],"h":1},{"t":145,"s":[159.002,159.002,100],"h":1},{"t":146,"s":[159.002,159.002,100],"h":1},{"t":147,"s":[159.002,159.002,100],"h":1},{"t":148,"s":[159.002,159.002,100],"h":1},{"t":149,"s":[159.002,159.002,100],"h":1},{"t":150,"s":[159.002,159.002,100],"h":1},{"t":151,"s":[159.002,159.002,100],"h":1},{"t":152,"s":[159.002,159.002,100],"h":1},{"t":153,"s":[159.002,159.002,100],"h":1},{"t":154,"s":[159.002,159.002,100],"h":1},{"t":155,"s":[159.002,159.002,100],"h":1},{"t":156,"s":[159.002,159.002,100],"h":1},{"t":157,"s":[159.002,159.002,100],"h":1},{"t":158,"s":[159.002,159.002,100],"h":1},{"t":159,"s":[159.002,159.002,100],"h":1},{"t":160,"s":[159.002,159.002,100],"h":1},{"t":161,"s":[159.002,159.002,100],"h":1},{"t":162,"s":[159.002,159.002,100],"h":1},{"t":163,"s":[159.038,159.038,100],"h":1},{"t":164,"s":[159.267,159.267,100],"h":1},{"t":165,"s":[159.732,159.732,100],"h":1},{"t":166,"s":[160.461,160.461,100],"h":1},{"t":167,"s":[161.493,161.493,100],"h":1},{"t":168,"s":[162.87,162.87,100],"h":1},{"t":169,"s":[164.644,164.644,100],"h":1},{"t":170,"s":[166.877,166.877,100],"h":1},{"t":171,"s":[169.628,169.628,100],"h":1},{"t":172,"s":[172.93,172.93,100],"h":1},{"t":173,"s":[176.7,176.7,100],"h":1},{"t":174,"s":[180.497,180.497,100],"h":1},{"t":175,"s":[183.209,183.209,100],"h":1},{"t":176,"s":[184.803,184.803,100],"h":1},{"t":177,"s":[186.06,186.06,100],"h":1},{"t":178,"s":[187.009,187.009,100],"h":1},{"t":179,"s":[187.679,187.679,100],"h":1},{"t":180,"s":[188.103,188.103,100],"h":1},{"t":181,"s":[188.316,188.316,100],"h":1},{"t":182,"s":[188.348,188.348,100],"h":1},{"t":183,"s":[188.233,188.233,100],"h":1},{"t":184,"s":[188,188,100],"h":1},{"t":185,"s":[187.676,187.676,100],"h":1},{"t":186,"s":[187.287,187.287,100],"h":1},{"t":187,"s":[186.855,186.855,100],"h":1},{"t":188,"s":[186.399,186.399,100],"h":1},{"t":189,"s":[185.935,185.935,100],"h":1},{"t":190,"s":[185.478,185.478,100],"h":1},{"t":191,"s":[185.039,185.039,100],"h":1},{"t":192,"s":[184.625,184.625,100],"h":1},{"t":193,"s":[184.244,184.244,100],"h":1},{"t":194,"s":[183.899,183.899,100],"h":1},{"t":195,"s":[183.593,183.593,100],"h":1},{"t":196,"s":[183.328,183.328,100],"h":1},{"t":197,"s":[183.103,183.103,100],"h":1},{"t":198,"s":[182.916,182.916,100],"h":1},{"t":199,"s":[182.766,182.766,100],"h":1},{"t":200,"s":[182.65,182.65,100],"h":1},{"t":201,"s":[182.565,182.565,100],"h":1},{"t":202,"s":[182.508,182.508,100],"h":1},{"t":203,"s":[182.475,182.475,100],"h":1},{"t":204,"s":[182.462,182.462,100],"h":1},{"t":205,"s":[182.467,182.467,100],"h":1},{"t":206,"s":[182.486,182.486,100],"h":1},{"t":207,"s":[182.516,182.516,100],"h":1},{"t":208,"s":[182.553,182.553,100],"h":1},{"t":209,"s":[182.597,182.597,100],"h":1},{"t":210,"s":[182.644,182.644,100],"h":1},{"t":211,"s":[182.693,182.693,100],"h":1},{"t":212,"s":[182.741,182.741,100],"h":1},{"t":213,"s":[182.789,182.789,100],"h":1},{"t":214,"s":[182.834,182.834,100],"h":1},{"t":215,"s":[182.876,182.876,100],"h":1},{"t":216,"s":[182.914,182.914,100],"h":1},{"t":217,"s":[182.948,182.948,100],"h":1},{"t":218,"s":[182.979,182.979,100],"h":1},{"t":219,"s":[183.004,183.004,100],"h":1},{"t":220,"s":[183.026,183.026,100],"h":1},{"t":221,"s":[183.044,183.044,100],"h":1},{"t":222,"s":[183.058,183.058,100],"h":1},{"t":223,"s":[183.068,183.068,100],"h":1},{"t":224,"s":[183.076,183.076,100],"h":1},{"t":225,"s":[183.08,183.08,100],"h":1},{"t":226,"s":[183.083,183.083,100],"h":1},{"t":227,"s":[183.083,183.083,100],"h":1},{"t":228,"s":[183.082,183.082,100],"h":1},{"t":229,"s":[183.079,183.079,100],"h":1},{"t":230,"s":[183.076,183.076,100],"h":1},{"t":231,"s":[183.071,183.071,100],"h":1},{"t":232,"s":[183.067,183.067,100],"h":1},{"t":233,"s":[183.061,183.061,100],"h":1},{"t":234,"s":[183.056,183.056,100],"h":1},{"t":235,"s":[183.051,183.051,100],"h":1},{"t":236,"s":[183.046,183.046,100],"h":1},{"t":237,"s":[183.042,183.042,100],"h":1},{"t":238,"s":[181.355,181.355,100],"h":1},{"t":239,"s":[177.699,177.699,100],"h":1},{"t":240,"s":[173.859,173.859,100],"h":1},{"t":241,"s":[170.421,170.421,100],"h":1},{"t":242,"s":[167.529,167.529,100],"h":1},{"t":243,"s":[165.169,165.169,100],"h":1},{"t":244,"s":[163.284,163.284,100],"h":1},{"t":245,"s":[161.81,161.81,100],"h":1},{"t":246,"s":[160.695,160.695,100],"h":1},{"t":247,"s":[159.892,159.892,100],"h":1},{"t":248,"s":[159.363,159.363,100],"h":1},{"t":249,"s":[159.076,159.076,100],"h":1},{"t":250,"s":[159,159,100],"h":1},{"t":251,"s":[158.985,158.985,100],"h":1},{"t":252,"s":[158.974,158.974,100],"h":1},{"t":253,"s":[158.966,158.966,100],"h":1},{"t":254,"s":[158.96,158.96,100],"h":1},{"t":255,"s":[158.956,158.956,100],"h":1},{"t":256,"s":[158.954,158.954,100],"h":1},{"t":257,"s":[158.954,158.954,100],"h":1},{"t":258,"s":[158.955,158.955,100],"h":1},{"t":259,"s":[158.957,158.957,100],"h":1},{"t":260,"s":[158.96,158.96,100],"h":1},{"t":261,"s":[158.964,158.964,100],"h":1},{"t":262,"s":[158.968,158.968,100],"h":1},{"t":263,"s":[158.972,158.972,100],"h":1},{"t":264,"s":[158.976,158.976,100],"h":1},{"t":265,"s":[158.98,158.98,100],"h":1},{"t":266,"s":[158.984,158.984,100],"h":1},{"t":267,"s":[158.988,158.988,100],"h":1},{"t":268,"s":[158.991,158.991,100],"h":1}],"ix":6}},"ao":0,"shapes":[{"ty":"gr","it":[{"ind":0,"ty":"sh","ix":1,"ks":{"a":0,"k":{"i":[[0,0],[0,0]],"o":[[0,0],[0,0]],"v":[[-22.366,0],[22.366,0]],"c":false},"ix":2},"nm":"Path 1","mn":"ADBE Vector Shape - Group","hd":false},{"ty":"st","c":{"a":0,"k":[1,1,1,1],"ix":3},"o":{"a":0,"k":100,"ix":4},"w":{"a":0,"k":1,"ix":5},"lc":1,"lj":1,"ml":10,"bm":0,"nm":"Stroke 1","mn":"ADBE Vector Graphic - Stroke","hd":false},{"ty":"tr","p":{"a":0,"k":[207.318,585.378],"ix":2},"a":{"a":0,"k":[0,0],"ix":1},"s":{"a":0,"k":[100,100],"ix":3},"r":{"a":0,"k":0,"ix":6},"o":{"a":0,"k":100,"ix":7},"sk":{"a":0,"k":0,"ix":4},"sa":{"a":0,"k":0,"ix":5},"nm":"Transform"}],"nm":"Group 1","np":2,"cix":2,"bm":0,"ix":1,"mn":"ADBE Vector Group","hd":false},{"ty":"gr","it":[{"ind":0,"ty":"sh","ix":1,"ks":{"a":0,"k":{"i":[[0,0],[0,0]],"o":[[0,0],[0,0]],"v":[[-22.366,0],[22.366,0]],"c":false},"ix":2},"nm":"Path 1","mn":"ADBE Vector Shape - Group","hd":false},{"ty":"st","c":{"a":0,"k":[1,1,1,1],"ix":3},"o":{"a":0,"k":100,"ix":4},"w":{"a":0,"k":1,"ix":5},"lc":1,"lj":1,"ml":10,"bm":0,"nm":"Stroke 1","mn":"ADBE Vector Graphic - Stroke","hd":false},{"ty":"tr","p":{"a":0,"k":[207.318,575.005],"ix":2},"a":{"a":0,"k":[0,0],"ix":1},"s":{"a":0,"k":[100,100],"ix":3},"r":{"a":0,"k":0,"ix":6},"o":{"a":0,"k":100,"ix":7},"sk":{"a":0,"k":0,"ix":4},"sa":{"a":0,"k":0,"ix":5},"nm":"Transform"}],"nm":"Group 2","np":2,"cix":2,"bm":0,"ix":2,"mn":"ADBE Vector Group","hd":false},{"ty":"gr","it":[{"ind":0,"ty":"sh","ix":1,"ks":{"a":0,"k":{"i":[[0,0],[0,0]],"o":[[0,0],[0,0]],"v":[[-22.366,0],[22.366,0]],"c":false},"ix":2},"nm":"Path 1","mn":"ADBE Vector Shape - Group","hd":false},{"ty":"st","c":{"a":0,"k":[1,1,1,1],"ix":3},"o":{"a":0,"k":100,"ix":4},"w":{"a":0,"k":1,"ix":5},"lc":1,"lj":1,"ml":10,"bm":0,"nm":"Stroke 1","mn":"ADBE Vector Graphic - Stroke","hd":false},{"ty":"tr","p":{"a":0,"k":[207.318,564.633],"ix":2},"a":{"a":0,"k":[0,0],"ix":1},"s":{"a":0,"k":[100,100],"ix":3},"r":{"a":0,"k":0,"ix":6},"o":{"a":0,"k":100,"ix":7},"sk":{"a":0,"k":0,"ix":4},"sa":{"a":0,"k":0,"ix":5},"nm":"Transform"}],"nm":"Group 3","np":2,"cix":2,"bm":0,"ix":3,"mn":"ADBE Vector Group","hd":false},{"ty":"gr","it":[{"ind":0,"ty":"sh","ix":1,"ks":{"a":0,"k":{"i":[[0,0],[0,0],[0,0]],"o":[[0,0],[0,0],[0,0]],"v":[[-7.155,5.239],[-6.605,-5.239],[7.155,-5.239]],"c":true},"ix":2},"nm":"Path 1","mn":"ADBE Vector Shape - Group","hd":false},{"ty":"fl","c":{"a":0,"k":[0.803921568627451,0.803921568627451,0.803921568627451,1],"ix":4},"o":{"a":0,"k":100,"ix":5},"r":1,"bm":0,"nm":"Fill 1","mn":"ADBE Vector Graphic - Fill","hd":false},{"ty":"tr","p":{"a":0,"k":[186.878,603.5],"ix":2},"a":{"a":0,"k":[0,0],"ix":1},"s":{"a":0,"k":[100,100],"ix":3},"r":{"a":0,"k":0,"ix":6},"o":{"a":0,"k":100,"ix":7},"sk":{"a":0,"k":0,"ix":4},"sa":{"a":0,"k":0,"ix":5},"nm":"Transform"}],"nm":"Group 4","np":2,"cix":2,"bm":0,"ix":4,"mn":"ADBE Vector Group","hd":false},{"ty":"gr","it":[{"ind":0,"ty":"sh","ix":1,"ks":{"a":0,"k":{"i":[[0,0],[0,0],[0,0],[0,0]],"o":[[0,0],[0,0],[0,0],[0,0]],"v":[[38.299,24.488],[-38.299,24.488],[-38.299,-24.488],[38.299,-24.488]],"c":true},"ix":2},"nm":"Path 1","mn":"ADBE Vector Shape - Group","hd":false},{"ty":"fl","c":{"a":0,"k":[0.803921568627451,0.803921568627451,0.803921568627451,1],"ix":4},"o":{"a":0,"k":100,"ix":5},"r":1,"bm":0,"nm":"Fill 1","mn":"ADBE Vector Graphic - Fill","hd":false},{"ty":"tr","p":{"a":0,"k":[207.318,574.156],"ix":2},"a":{"a":0,"k":[0,0],"ix":1},"s":{"a":0,"k":[100,100],"ix":3},"r":{"a":0,"k":0,"ix":6},"o":{"a":0,"k":100,"ix":7},"sk":{"a":0,"k":0,"ix":4},"sa":{"a":0,"k":0,"ix":5},"nm":"Transform"}],"nm":"Group 5","np":2,"cix":2,"bm":0,"ix":5,"mn":"ADBE Vector Group","hd":false}],"ip":0,"op":269,"st":0,"bm":0},{"ddd":0,"ind":2,"ty":4,"nm":"Messages - 2","sr":1,"ks":{"o":{"a":0,"k":100,"ix":11},"r":{"a":1,"k":[{"i":{"x":[0.833],"y":[1]},"o":{"x":[0.167],"y":[0]},"t":0,"s":[0]},{"t":1,"s":[0],"h":1},{"t":2,"s":[0],"h":1},{"t":3,"s":[0],"h":1},{"t":4,"s":[0],"h":1},{"t":5,"s":[0],"h":1},{"t":6,"s":[0],"h":1},{"t":7,"s":[0],"h":1},{"t":8,"s":[0.004],"h":1},{"t":9,"s":[0.064],"h":1},{"t":10,"s":[0.23],"h":1},{"t":11,"s":[0.589],"h":1},{"t":12,"s":[1.401],"h":1},{"t":13,"s":[3.259],"h":1},{"t":14,"s":[4.574],"h":1},{"t":15,"s":[5.203],"h":1},{"t":16,"s":[5.561],"h":1},{"t":17,"s":[5.779],"h":1},{"t":18,"s":[5.908],"h":1},{"t":19,"s":[5.976],"h":1},{"t":20,"s":[6],"h":1},{"t":21,"s":[5.984],"h":1},{"t":22,"s":[5.914],"h":1},{"t":23,"s":[5.784],"h":1},{"t":24,"s":[5.584],"h":1},{"t":25,"s":[5.306],"h":1},{"t":26,"s":[4.939],"h":1},{"t":27,"s":[4.468],"h":1},{"t":28,"s":[3.878],"h":1},{"t":29,"s":[3.156],"h":1},{"t":30,"s":[2.296],"h":1},{"t":31,"s":[1.337],"h":1},{"t":32,"s":[0.423],"h":1},{"t":33,"s":[-0.156],"h":1},{"t":34,"s":[-0.532],"h":1},{"t":35,"s":[-0.826],"h":1},{"t":36,"s":[-1.044],"h":1},{"t":37,"s":[-1.195],"h":1},{"t":38,"s":[-1.287],"h":1},{"t":39,"s":[-1.328],"h":1},{"t":40,"s":[-1.326],"h":1},{"t":41,"s":[-1.289],"h":1},{"t":42,"s":[-1.224],"h":1},{"t":43,"s":[-1.138],"h":1},{"t":44,"s":[-1.038],"h":1},{"t":45,"s":[-0.928],"h":1},{"t":46,"s":[-0.813],"h":1},{"t":47,"s":[-0.698],"h":1},{"t":48,"s":[-0.584],"h":1},{"t":49,"s":[-0.476],"h":1},{"t":50,"s":[-0.375],"h":1},{"t":51,"s":[-0.282],"h":1},{"t":52,"s":[-0.198],"h":1},{"t":53,"s":[-0.124],"h":1},{"t":54,"s":[-0.061],"h":1},{"t":55,"s":[-0.007],"h":1},{"t":56,"s":[0.037],"h":1},{"t":57,"s":[0.073],"h":1},{"t":58,"s":[0.1],"h":1},{"t":59,"s":[0.119],"h":1},{"t":60,"s":[0.132],"h":1},{"t":61,"s":[0.138],"h":1},{"t":62,"s":[0.14],"h":1},{"t":63,"s":[0.138],"h":1},{"t":64,"s":[0.133],"h":1},{"t":65,"s":[0.125],"h":1},{"t":66,"s":[0.115],"h":1},{"t":67,"s":[0.104],"h":1},{"t":68,"s":[0.092],"h":1},{"t":69,"s":[0.08],"h":1},{"t":70,"s":[0.068],"h":1},{"t":71,"s":[0.056],"h":1},{"t":72,"s":[0.045],"h":1},{"t":73,"s":[0.034],"h":1},{"t":74,"s":[0.025],"h":1},{"t":75,"s":[0.017],"h":1},{"t":76,"s":[0.01],"h":1},{"t":77,"s":[0.003],"h":1},{"t":78,"s":[-0.002],"h":1},{"t":79,"s":[-0.006],"h":1},{"t":80,"s":[-0.009],"h":1},{"t":81,"s":[-0.012],"h":1},{"t":82,"s":[-0.013],"h":1},{"t":83,"s":[-0.014],"h":1},{"t":84,"s":[-0.015],"h":1},{"t":85,"s":[-0.015],"h":1},{"t":86,"s":[-0.014],"h":1},{"t":87,"s":[-0.014],"h":1},{"t":88,"s":[-0.013],"h":1},{"t":89,"s":[-0.012],"h":1},{"t":90,"s":[-0.01],"h":1},{"t":91,"s":[-0.009],"h":1},{"t":92,"s":[-0.008],"h":1},{"t":93,"s":[-0.006],"h":1},{"t":94,"s":[-0.005],"h":1},{"t":95,"s":[-0.004],"h":1},{"t":96,"s":[0.631],"h":1},{"t":97,"s":[1.58],"h":1},{"t":98,"s":[2.521],"h":1},{"t":99,"s":[3.346],"h":1},{"t":100,"s":[4.033],"h":1},{"t":101,"s":[4.591],"h":1},{"t":102,"s":[5.034],"h":1},{"t":103,"s":[5.378],"h":1},{"t":104,"s":[5.636],"h":1},{"t":105,"s":[5.818],"h":1},{"t":106,"s":[5.934],"h":1},{"t":107,"s":[5.991],"h":1},{"t":108,"s":[5.997],"h":1},{"t":109,"s":[5.935],"h":1},{"t":110,"s":[5.762],"h":1},{"t":111,"s":[5.388],"h":1},{"t":112,"s":[4.532],"h":1},{"t":113,"s":[2.638],"h":1},{"t":114,"s":[1.387],"h":1},{"t":115,"s":[0.782],"h":1},{"t":116,"s":[0.434],"h":1},{"t":117,"s":[0.222],"h":1},{"t":118,"s":[0.097],"h":1},{"t":119,"s":[0.031],"h":1},{"t":120,"s":[0.008],"h":1},{"t":121,"s":[-0.002],"h":1},{"t":122,"s":[-0.004],"h":1},{"t":123,"s":[-0.006],"h":1},{"t":124,"s":[-0.007],"h":1},{"t":125,"s":[-0.008],"h":1},{"t":126,"s":[-0.008],"h":1},{"t":127,"s":[-0.008],"h":1},{"t":128,"s":[-0.008],"h":1},{"t":129,"s":[-0.008],"h":1},{"t":130,"s":[-0.007],"h":1},{"t":131,"s":[-0.007],"h":1},{"t":132,"s":[-0.006],"h":1},{"t":133,"s":[-0.005],"h":1},{"t":134,"s":[-0.005],"h":1},{"t":135,"s":[-0.004],"h":1},{"t":136,"s":[-0.003],"h":1},{"t":137,"s":[-0.003],"h":1},{"t":138,"s":[-0.002],"h":1},{"t":139,"s":[-0.001],"h":1},{"t":140,"s":[-0.001],"h":1},{"t":141,"s":[-0.001],"h":1},{"t":142,"s":[0],"h":1},{"t":143,"s":[0],"h":1},{"t":144,"s":[0],"h":1},{"t":145,"s":[0.001],"h":1},{"t":146,"s":[0.001],"h":1},{"t":147,"s":[0.001],"h":1},{"t":148,"s":[0.001],"h":1},{"t":149,"s":[0.001],"h":1},{"t":150,"s":[0.001],"h":1},{"t":151,"s":[0.001],"h":1},{"t":152,"s":[0.001],"h":1},{"t":153,"s":[0.001],"h":1},{"t":154,"s":[0.001],"h":1},{"t":155,"s":[0.001],"h":1},{"t":156,"s":[0.001],"h":1},{"t":157,"s":[0],"h":1},{"t":158,"s":[0.006],"h":1},{"t":159,"s":[0.074],"h":1},{"t":160,"s":[0.253],"h":1},{"t":161,"s":[0.637],"h":1},{"t":162,"s":[1.518],"h":1},{"t":163,"s":[3.426],"h":1},{"t":164,"s":[4.648],"h":1},{"t":165,"s":[5.243],"h":1},{"t":166,"s":[5.585],"h":1},{"t":167,"s":[5.793],"h":1},{"t":168,"s":[5.916],"h":1},{"t":169,"s":[5.98],"h":1},{"t":170,"s":[6],"h":1},{"t":171,"s":[5.98],"h":1},{"t":172,"s":[5.905],"h":1},{"t":173,"s":[5.769],"h":1},{"t":174,"s":[5.563],"h":1},{"t":175,"s":[5.278],"h":1},{"t":176,"s":[4.902],"h":1},{"t":177,"s":[4.421],"h":1},{"t":178,"s":[3.82],"h":1},{"t":179,"s":[3.086],"h":1},{"t":180,"s":[2.215],"h":1},{"t":181,"s":[1.251],"h":1},{"t":182,"s":[0.355],"h":1},{"t":183,"s":[-0.193],"h":1},{"t":184,"s":[-0.561],"h":1},{"t":185,"s":[-0.848],"h":1},{"t":186,"s":[-1.06],"h":1},{"t":187,"s":[-1.206],"h":1},{"t":188,"s":[-1.292],"h":1},{"t":189,"s":[-1.329],"h":1},{"t":190,"s":[-1.324],"h":1},{"t":191,"s":[-1.284],"h":1},{"t":192,"s":[-1.217],"h":1},{"t":193,"s":[-1.13],"h":1},{"t":194,"s":[-1.029],"h":1},{"t":195,"s":[-0.918],"h":1},{"t":196,"s":[-0.803],"h":1},{"t":197,"s":[-0.688],"h":1},{"t":198,"s":[-0.575],"h":1},{"t":199,"s":[-0.467],"h":1},{"t":200,"s":[-0.366],"h":1},{"t":201,"s":[-0.274],"h":1},{"t":202,"s":[-0.191],"h":1},{"t":203,"s":[-0.118],"h":1},{"t":204,"s":[-0.055],"h":1},{"t":205,"s":[-0.003],"h":1},{"t":206,"s":[0.041],"h":1},{"t":207,"s":[0.075],"h":1},{"t":208,"s":[0.101],"h":1},{"t":209,"s":[0.12],"h":1},{"t":210,"s":[0.132],"h":1},{"t":211,"s":[0.139],"h":1},{"t":212,"s":[0.14],"h":1},{"t":213,"s":[0.138],"h":1},{"t":214,"s":[0.132],"h":1},{"t":215,"s":[0.124],"h":1},{"t":216,"s":[0.114],"h":1},{"t":217,"s":[0.103],"h":1},{"t":218,"s":[0.091],"h":1},{"t":219,"s":[0.079],"h":1},{"t":220,"s":[0.066],"h":1},{"t":221,"s":[0.055],"h":1},{"t":222,"s":[0.044],"h":1},{"t":223,"s":[0.034],"h":1},{"t":224,"s":[0.024],"h":1},{"t":225,"s":[0.016],"h":1},{"t":226,"s":[0.009],"h":1},{"t":227,"s":[0.003],"h":1},{"t":228,"s":[-0.002],"h":1},{"t":229,"s":[-0.006],"h":1},{"t":230,"s":[-0.009],"h":1},{"t":231,"s":[-0.012],"h":1},{"t":232,"s":[-0.013],"h":1},{"t":233,"s":[-0.014],"h":1},{"t":234,"s":[-0.015],"h":1},{"t":235,"s":[-0.015],"h":1},{"t":236,"s":[-0.014],"h":1},{"t":237,"s":[-0.014],"h":1},{"t":238,"s":[-0.013],"h":1},{"t":239,"s":[-0.011],"h":1},{"t":240,"s":[-0.01],"h":1},{"t":241,"s":[-0.009],"h":1},{"t":242,"s":[-0.008],"h":1},{"t":243,"s":[-0.006],"h":1},{"t":244,"s":[-0.005],"h":1},{"t":245,"s":[-0.004],"h":1},{"t":246,"s":[0.711],"h":1},{"t":247,"s":[1.667],"h":1},{"t":248,"s":[2.6],"h":1},{"t":249,"s":[3.413],"h":1},{"t":250,"s":[4.088],"h":1},{"t":251,"s":[4.635],"h":1},{"t":252,"s":[5.068],"h":1},{"t":253,"s":[5.404],"h":1},{"t":254,"s":[5.655],"h":1},{"t":255,"s":[5.831],"h":1},{"t":256,"s":[5.941],"h":1},{"t":257,"s":[5.994],"h":1},{"t":258,"s":[5.994],"h":1},{"t":259,"s":[5.925],"h":1},{"t":260,"s":[5.74],"h":1},{"t":261,"s":[5.34],"h":1},{"t":262,"s":[4.409],"h":1},{"t":263,"s":[2.481],"h":1},{"t":264,"s":[1.317],"h":1},{"t":265,"s":[0.743],"h":1},{"t":266,"s":[0.411],"h":1},{"t":267,"s":[0.209],"h":1},{"t":268,"s":[0.089],"h":1}],"ix":10},"p":{"a":0,"k":[275.906,246.512,0],"ix":2},"a":{"a":0,"k":[276.195,629.395,0],"ix":1},"s":{"a":1,"k":[{"i":{"x":[0.833,0.833,0.833],"y":[1,1,1]},"o":{"x":[0.167,0.167,0.167],"y":[0,0,0]},"t":0,"s":[159.002,159.002,100]},{"t":1,"s":[159.002,159.002,100],"h":1},{"t":2,"s":[159.002,159.002,100],"h":1},{"t":3,"s":[159.002,159.002,100],"h":1},{"t":4,"s":[159.002,159.002,100],"h":1},{"t":5,"s":[159.002,159.002,100],"h":1},{"t":6,"s":[159.002,159.002,100],"h":1},{"t":7,"s":[159.002,159.002,100],"h":1},{"t":8,"s":[159.002,159.002,100],"h":1},{"t":9,"s":[159.002,159.002,100],"h":1},{"t":10,"s":[159.002,159.002,100],"h":1},{"t":11,"s":[159.002,159.002,100],"h":1},{"t":12,"s":[159.002,159.002,100],"h":1},{"t":13,"s":[159.002,159.002,100],"h":1},{"t":14,"s":[159.002,159.002,100],"h":1},{"t":15,"s":[159.002,159.002,100],"h":1},{"t":16,"s":[159.002,159.002,100],"h":1},{"t":17,"s":[159.002,159.002,100],"h":1},{"t":18,"s":[159.002,159.002,100],"h":1},{"t":19,"s":[159.002,159.002,100],"h":1},{"t":20,"s":[159.002,159.002,100],"h":1},{"t":21,"s":[159.076,159.076,100],"h":1},{"t":22,"s":[159.363,159.363,100],"h":1},{"t":23,"s":[159.892,159.892,100],"h":1},{"t":24,"s":[160.695,160.695,100],"h":1},{"t":25,"s":[161.81,161.81,100],"h":1},{"t":26,"s":[163.284,163.284,100],"h":1},{"t":27,"s":[165.169,165.169,100],"h":1},{"t":28,"s":[167.529,167.529,100],"h":1},{"t":29,"s":[170.421,170.421,100],"h":1},{"t":30,"s":[173.859,173.859,100],"h":1},{"t":31,"s":[177.699,177.699,100],"h":1},{"t":32,"s":[181.355,181.355,100],"h":1},{"t":33,"s":[183.65,183.65,100],"h":1},{"t":34,"s":[185.155,185.155,100],"h":1},{"t":35,"s":[186.331,186.331,100],"h":1},{"t":36,"s":[187.205,187.205,100],"h":1},{"t":37,"s":[187.81,187.81,100],"h":1},{"t":38,"s":[188.177,188.177,100],"h":1},{"t":39,"s":[188.34,188.34,100],"h":1},{"t":40,"s":[188.332,188.332,100],"h":1},{"t":41,"s":[188.183,188.183,100],"h":1},{"t":42,"s":[187.924,187.924,100],"h":1},{"t":43,"s":[187.582,187.582,100],"h":1},{"t":44,"s":[187.18,187.18,100],"h":1},{"t":45,"s":[186.74,186.74,100],"h":1},{"t":46,"s":[186.28,186.28,100],"h":1},{"t":47,"s":[185.817,185.817,100],"h":1},{"t":48,"s":[185.364,185.364,100],"h":1},{"t":49,"s":[184.93,184.93,100],"h":1},{"t":50,"s":[184.524,184.524,100],"h":1},{"t":51,"s":[184.152,184.152,100],"h":1},{"t":52,"s":[183.817,183.817,100],"h":1},{"t":53,"s":[183.522,183.522,100],"h":1},{"t":54,"s":[183.266,183.266,100],"h":1},{"t":55,"s":[183.051,183.051,100],"h":1},{"t":56,"s":[182.874,182.874,100],"h":1},{"t":57,"s":[182.733,182.733,100],"h":1},{"t":58,"s":[182.626,182.626,100],"h":1},{"t":59,"s":[182.548,182.548,100],"h":1},{"t":60,"s":[182.497,182.497,100],"h":1},{"t":61,"s":[182.47,182.47,100],"h":1},{"t":62,"s":[182.462,182.462,100],"h":1},{"t":63,"s":[182.471,182.471,100],"h":1},{"t":64,"s":[182.493,182.493,100],"h":1},{"t":65,"s":[182.525,182.525,100],"h":1},{"t":66,"s":[182.564,182.564,100],"h":1},{"t":67,"s":[182.609,182.609,100],"h":1},{"t":68,"s":[182.656,182.656,100],"h":1},{"t":69,"s":[182.705,182.705,100],"h":1},{"t":70,"s":[182.754,182.754,100],"h":1},{"t":71,"s":[182.801,182.801,100],"h":1},{"t":72,"s":[182.845,182.845,100],"h":1},{"t":73,"s":[182.886,182.886,100],"h":1},{"t":74,"s":[182.923,182.923,100],"h":1},{"t":75,"s":[182.957,182.957,100],"h":1},{"t":76,"s":[182.986,182.986,100],"h":1},{"t":77,"s":[183.01,183.01,100],"h":1},{"t":78,"s":[183.031,183.031,100],"h":1},{"t":79,"s":[183.048,183.048,100],"h":1},{"t":80,"s":[183.061,183.061,100],"h":1},{"t":81,"s":[183.07,183.07,100],"h":1},{"t":82,"s":[183.077,183.077,100],"h":1},{"t":83,"s":[183.081,183.081,100],"h":1},{"t":84,"s":[183.083,183.083,100],"h":1},{"t":85,"s":[183.083,183.083,100],"h":1},{"t":86,"s":[183.081,183.081,100],"h":1},{"t":87,"s":[183.078,183.078,100],"h":1},{"t":88,"s":[183.075,183.075,100],"h":1},{"t":89,"s":[183.07,183.07,100],"h":1},{"t":90,"s":[183.065,183.065,100],"h":1},{"t":91,"s":[183.06,183.06,100],"h":1},{"t":92,"s":[183.055,183.055,100],"h":1},{"t":93,"s":[183.05,183.05,100],"h":1},{"t":94,"s":[183.045,183.045,100],"h":1},{"t":95,"s":[183.041,183.041,100],"h":1},{"t":96,"s":[180.497,180.497,100],"h":1},{"t":97,"s":[176.7,176.7,100],"h":1},{"t":98,"s":[172.93,172.93,100],"h":1},{"t":99,"s":[169.628,169.628,100],"h":1},{"t":100,"s":[166.877,166.877,100],"h":1},{"t":101,"s":[164.644,164.644,100],"h":1},{"t":102,"s":[162.87,162.87,100],"h":1},{"t":103,"s":[161.493,161.493,100],"h":1},{"t":104,"s":[160.461,160.461,100],"h":1},{"t":105,"s":[159.732,159.732,100],"h":1},{"t":106,"s":[159.267,159.267,100],"h":1},{"t":107,"s":[159.038,159.038,100],"h":1},{"t":108,"s":[158.996,158.996,100],"h":1},{"t":109,"s":[158.982,158.982,100],"h":1},{"t":110,"s":[158.972,158.972,100],"h":1},{"t":111,"s":[158.964,158.964,100],"h":1},{"t":112,"s":[158.959,158.959,100],"h":1},{"t":113,"s":[158.955,158.955,100],"h":1},{"t":114,"s":[158.954,158.954,100],"h":1},{"t":115,"s":[158.954,158.954,100],"h":1},{"t":116,"s":[158.956,158.956,100],"h":1},{"t":117,"s":[158.958,158.958,100],"h":1},{"t":118,"s":[158.961,158.961,100],"h":1},{"t":119,"s":[158.965,158.965,100],"h":1},{"t":120,"s":[158.969,158.969,100],"h":1},{"t":121,"s":[158.973,158.973,100],"h":1},{"t":122,"s":[158.977,158.977,100],"h":1},{"t":123,"s":[158.981,158.981,100],"h":1},{"t":124,"s":[158.985,158.985,100],"h":1},{"t":125,"s":[158.989,158.989,100],"h":1},{"t":126,"s":[158.992,158.992,100],"h":1},{"t":127,"s":[158.995,158.995,100],"h":1},{"t":128,"s":[158.998,158.998,100],"h":1},{"t":129,"s":[159,159,100],"h":1},{"t":130,"s":[159.002,159.002,100],"h":1},{"t":131,"s":[159.004,159.004,100],"h":1},{"t":132,"s":[159.005,159.005,100],"h":1},{"t":133,"s":[159.006,159.006,100],"h":1},{"t":134,"s":[159.006,159.006,100],"h":1},{"t":135,"s":[159.007,159.007,100],"h":1},{"t":136,"s":[159.007,159.007,100],"h":1},{"t":137,"s":[159.007,159.007,100],"h":1},{"t":138,"s":[159.007,159.007,100],"h":1},{"t":139,"s":[159.007,159.007,100],"h":1},{"t":140,"s":[159.007,159.007,100],"h":1},{"t":141,"s":[159.006,159.006,100],"h":1},{"t":142,"s":[159.006,159.006,100],"h":1},{"t":143,"s":[159.005,159.005,100],"h":1},{"t":144,"s":[159.005,159.005,100],"h":1},{"t":145,"s":[159.005,159.005,100],"h":1},{"t":146,"s":[159.004,159.004,100],"h":1},{"t":147,"s":[159.004,159.004,100],"h":1},{"t":148,"s":[159.003,159.003,100],"h":1},{"t":149,"s":[159.003,159.003,100],"h":1},{"t":150,"s":[159.003,159.003,100],"h":1},{"t":151,"s":[159.002,159.002,100],"h":1},{"t":152,"s":[159.002,159.002,100],"h":1},{"t":153,"s":[159.002,159.002,100],"h":1},{"t":154,"s":[159.002,159.002,100],"h":1},{"t":155,"s":[159.002,159.002,100],"h":1},{"t":156,"s":[159.002,159.002,100],"h":1},{"t":157,"s":[159.002,159.002,100],"h":1},{"t":158,"s":[159.002,159.002,100],"h":1},{"t":159,"s":[159.002,159.002,100],"h":1},{"t":160,"s":[159.002,159.002,100],"h":1},{"t":161,"s":[159.002,159.002,100],"h":1},{"t":162,"s":[159.002,159.002,100],"h":1},{"t":163,"s":[159.002,159.002,100],"h":1},{"t":164,"s":[159.002,159.002,100],"h":1},{"t":165,"s":[159.002,159.002,100],"h":1},{"t":166,"s":[159.002,159.002,100],"h":1},{"t":167,"s":[159.002,159.002,100],"h":1},{"t":168,"s":[159.002,159.002,100],"h":1},{"t":169,"s":[159.002,159.002,100],"h":1},{"t":170,"s":[159.002,159.002,100],"h":1},{"t":171,"s":[159.092,159.092,100],"h":1},{"t":172,"s":[159.399,159.399,100],"h":1},{"t":173,"s":[159.951,159.951,100],"h":1},{"t":174,"s":[160.78,160.78,100],"h":1},{"t":175,"s":[161.925,161.925,100],"h":1},{"t":176,"s":[163.432,163.432,100],"h":1},{"t":177,"s":[165.357,165.357,100],"h":1},{"t":178,"s":[167.761,167.761,100],"h":1},{"t":179,"s":[170.701,170.701,100],"h":1},{"t":180,"s":[174.185,174.185,100],"h":1},{"t":181,"s":[178.042,178.042,100],"h":1},{"t":182,"s":[181.629,181.629,100],"h":1},{"t":183,"s":[183.796,183.796,100],"h":1},{"t":184,"s":[185.272,185.272,100],"h":1},{"t":185,"s":[186.419,186.419,100],"h":1},{"t":186,"s":[187.269,187.269,100],"h":1},{"t":187,"s":[187.851,187.851,100],"h":1},{"t":188,"s":[188.199,188.199,100],"h":1},{"t":189,"s":[188.345,188.345,100],"h":1},{"t":190,"s":[188.324,188.324,100],"h":1},{"t":191,"s":[188.165,188.165,100],"h":1},{"t":192,"s":[187.897,187.897,100],"h":1},{"t":193,"s":[187.548,187.548,100],"h":1},{"t":194,"s":[187.142,187.142,100],"h":1},{"t":195,"s":[186.7,186.7,100],"h":1},{"t":196,"s":[186.239,186.239,100],"h":1},{"t":197,"s":[185.777,185.777,100],"h":1},{"t":198,"s":[185.325,185.325,100],"h":1},{"t":199,"s":[184.893,184.893,100],"h":1},{"t":200,"s":[184.49,184.49,100],"h":1},{"t":201,"s":[184.121,184.121,100],"h":1},{"t":202,"s":[183.789,183.789,100],"h":1},{"t":203,"s":[183.498,183.498,100],"h":1},{"t":204,"s":[183.246,183.246,100],"h":1},{"t":205,"s":[183.034,183.034,100],"h":1},{"t":206,"s":[182.86,182.86,100],"h":1},{"t":207,"s":[182.722,182.722,100],"h":1},{"t":208,"s":[182.618,182.618,100],"h":1},{"t":209,"s":[182.543,182.543,100],"h":1},{"t":210,"s":[182.494,182.494,100],"h":1},{"t":211,"s":[182.468,182.468,100],"h":1},{"t":212,"s":[182.462,182.462,100],"h":1},{"t":213,"s":[182.472,182.472,100],"h":1},{"t":214,"s":[182.495,182.495,100],"h":1},{"t":215,"s":[182.528,182.528,100],"h":1},{"t":216,"s":[182.568,182.568,100],"h":1},{"t":217,"s":[182.613,182.613,100],"h":1},{"t":218,"s":[182.661,182.661,100],"h":1},{"t":219,"s":[182.71,182.71,100],"h":1},{"t":220,"s":[182.758,182.758,100],"h":1},{"t":221,"s":[182.805,182.805,100],"h":1},{"t":222,"s":[182.849,182.849,100],"h":1},{"t":223,"s":[182.889,182.889,100],"h":1},{"t":224,"s":[182.926,182.926,100],"h":1},{"t":225,"s":[182.959,182.959,100],"h":1},{"t":226,"s":[182.988,182.988,100],"h":1},{"t":227,"s":[183.012,183.012,100],"h":1},{"t":228,"s":[183.033,183.033,100],"h":1},{"t":229,"s":[183.049,183.049,100],"h":1},{"t":230,"s":[183.062,183.062,100],"h":1},{"t":231,"s":[183.071,183.071,100],"h":1},{"t":232,"s":[183.078,183.078,100],"h":1},{"t":233,"s":[183.081,183.081,100],"h":1},{"t":234,"s":[183.083,183.083,100],"h":1},{"t":235,"s":[183.083,183.083,100],"h":1},{"t":236,"s":[183.081,183.081,100],"h":1},{"t":237,"s":[183.078,183.078,100],"h":1},{"t":238,"s":[183.074,183.074,100],"h":1},{"t":239,"s":[183.07,183.07,100],"h":1},{"t":240,"s":[183.065,183.065,100],"h":1},{"t":241,"s":[183.06,183.06,100],"h":1},{"t":242,"s":[183.055,183.055,100],"h":1},{"t":243,"s":[183.05,183.05,100],"h":1},{"t":244,"s":[183.045,183.045,100],"h":1},{"t":245,"s":[183.04,183.04,100],"h":1},{"t":246,"s":[180.179,180.179,100],"h":1},{"t":247,"s":[176.35,176.35,100],"h":1},{"t":248,"s":[172.613,172.613,100],"h":1},{"t":249,"s":[169.36,169.36,100],"h":1},{"t":250,"s":[166.658,166.658,100],"h":1},{"t":251,"s":[164.469,164.469,100],"h":1},{"t":252,"s":[162.732,162.732,100],"h":1},{"t":253,"s":[161.388,161.388,100],"h":1},{"t":254,"s":[160.385,160.385,100],"h":1},{"t":255,"s":[159.68,159.68,100],"h":1},{"t":256,"s":[159.238,159.238,100],"h":1},{"t":257,"s":[159.028,159.028,100],"h":1},{"t":258,"s":[158.994,158.994,100],"h":1},{"t":259,"s":[158.981,158.981,100],"h":1},{"t":260,"s":[158.971,158.971,100],"h":1},{"t":261,"s":[158.964,158.964,100],"h":1},{"t":262,"s":[158.958,158.958,100],"h":1},{"t":263,"s":[158.955,158.955,100],"h":1},{"t":264,"s":[158.954,158.954,100],"h":1},{"t":265,"s":[158.954,158.954,100],"h":1},{"t":266,"s":[158.956,158.956,100],"h":1},{"t":267,"s":[158.958,158.958,100],"h":1},{"t":268,"s":[158.961,158.961,100],"h":1}],"ix":6}},"ao":0,"shapes":[{"ty":"gr","it":[{"ind":0,"ty":"sh","ix":1,"ks":{"a":0,"k":{"i":[[0,0],[0,0]],"o":[[0,0],[0,0]],"v":[[22.366,0],[-22.366,0]],"c":false},"ix":2},"nm":"Path 1","mn":"ADBE Vector Shape - Group","hd":false},{"ty":"st","c":{"a":0,"k":[1,1,1,1],"ix":3},"o":{"a":0,"k":100,"ix":4},"w":{"a":0,"k":1,"ix":5},"lc":1,"lj":1,"ml":10,"bm":0,"nm":"Stroke 1","mn":"ADBE Vector Graphic - Stroke","hd":false},{"ty":"tr","p":{"a":0,"k":[248.12,607.303],"ix":2},"a":{"a":0,"k":[0,0],"ix":1},"s":{"a":0,"k":[100,100],"ix":3},"r":{"a":0,"k":0,"ix":6},"o":{"a":0,"k":100,"ix":7},"sk":{"a":0,"k":0,"ix":4},"sa":{"a":0,"k":0,"ix":5},"nm":"Transform"}],"nm":"Group 1","np":2,"cix":2,"bm":0,"ix":1,"mn":"ADBE Vector Group","hd":false},{"ty":"gr","it":[{"ind":0,"ty":"sh","ix":1,"ks":{"a":0,"k":{"i":[[0,0],[0,0]],"o":[[0,0],[0,0]],"v":[[22.366,0],[-22.366,0]],"c":false},"ix":2},"nm":"Path 1","mn":"ADBE Vector Shape - Group","hd":false},{"ty":"st","c":{"a":0,"k":[1,1,1,1],"ix":3},"o":{"a":0,"k":100,"ix":4},"w":{"a":0,"k":1,"ix":5},"lc":1,"lj":1,"ml":10,"bm":0,"nm":"Stroke 1","mn":"ADBE Vector Graphic - Stroke","hd":false},{"ty":"tr","p":{"a":0,"k":[248.12,596.93],"ix":2},"a":{"a":0,"k":[0,0],"ix":1},"s":{"a":0,"k":[100,100],"ix":3},"r":{"a":0,"k":0,"ix":6},"o":{"a":0,"k":100,"ix":7},"sk":{"a":0,"k":0,"ix":4},"sa":{"a":0,"k":0,"ix":5},"nm":"Transform"}],"nm":"Group 2","np":2,"cix":2,"bm":0,"ix":2,"mn":"ADBE Vector Group","hd":false},{"ty":"gr","it":[{"ind":0,"ty":"sh","ix":1,"ks":{"a":0,"k":{"i":[[0,0],[0,0]],"o":[[0,0],[0,0]],"v":[[22.366,0],[-22.366,0]],"c":false},"ix":2},"nm":"Path 1","mn":"ADBE Vector Shape - Group","hd":false},{"ty":"st","c":{"a":0,"k":[1,1,1,1],"ix":3},"o":{"a":0,"k":100,"ix":4},"w":{"a":0,"k":1,"ix":5},"lc":1,"lj":1,"ml":10,"bm":0,"nm":"Stroke 1","mn":"ADBE Vector Graphic - Stroke","hd":false},{"ty":"tr","p":{"a":0,"k":[248.12,586.558],"ix":2},"a":{"a":0,"k":[0,0],"ix":1},"s":{"a":0,"k":[100,100],"ix":3},"r":{"a":0,"k":0,"ix":6},"o":{"a":0,"k":100,"ix":7},"sk":{"a":0,"k":0,"ix":4},"sa":{"a":0,"k":0,"ix":5},"nm":"Transform"}],"nm":"Group 3","np":2,"cix":2,"bm":0,"ix":3,"mn":"ADBE Vector Group","hd":false},{"ty":"gr","it":[{"ind":0,"ty":"sh","ix":1,"ks":{"a":0,"k":{"i":[[0,0],[0,0],[0,0]],"o":[[0,0],[0,0],[0,0]],"v":[[7.155,5.239],[6.605,-5.239],[-7.155,-5.239]],"c":true},"ix":2},"nm":"Path 1","mn":"ADBE Vector Shape - Group","hd":false},{"ty":"fl","c":{"a":0,"k":[0.12941176470588237,0.5882352941176471,0.9529411764705882,1],"ix":4},"o":{"a":0,"k":100,"ix":5},"r":1,"bm":0,"nm":"Fill 1","mn":"ADBE Vector Graphic - Fill","hd":false},{"ty":"tr","p":{"a":0,"k":[268.56,625.5],"ix":2},"a":{"a":0,"k":[0,0],"ix":1},"s":{"a":0,"k":[100,100],"ix":3},"r":{"a":0,"k":0,"ix":6},"o":{"a":0,"k":100,"ix":7},"sk":{"a":0,"k":0,"ix":4},"sa":{"a":0,"k":0,"ix":5},"nm":"Transform"}],"nm":"Group 4","np":2,"cix":2,"bm":0,"ix":4,"mn":"ADBE Vector Group","hd":false},{"ty":"gr","it":[{"ind":0,"ty":"sh","ix":1,"ks":{"a":0,"k":{"i":[[0,0],[0,0],[0,0],[0,0]],"o":[[0,0],[0,0],[0,0],[0,0]],"v":[[-38.299,24.488],[38.299,24.488],[38.299,-24.488],[-38.299,-24.488]],"c":true},"ix":2},"nm":"Path 1","mn":"ADBE Vector Shape - Group","hd":false},{"ty":"fl","c":{"a":0,"k":[0.12941176470588237,0.5882352941176471,0.9529411764705882,1],"ix":4},"o":{"a":0,"k":100,"ix":5},"r":1,"bm":0,"nm":"Fill 1","mn":"ADBE Vector Graphic - Fill","hd":false},{"ty":"tr","p":{"a":0,"k":[248.12,596.081],"ix":2},"a":{"a":0,"k":[0,0],"ix":1},"s":{"a":0,"k":[100,100],"ix":3},"r":{"a":0,"k":0,"ix":6},"o":{"a":0,"k":100,"ix":7},"sk":{"a":0,"k":0,"ix":4},"sa":{"a":0,"k":0,"ix":5},"nm":"Transform"}],"nm":"Group 5","np":2,"cix":2,"bm":0,"ix":5,"mn":"ADBE Vector Group","hd":false}],"ip":0,"op":269,"st":0,"bm":0}],"markers":[]}