{
  "project_info": {
    "project_number": "38520377908",
    "project_id": "fir-chat-5f78f",
    "storage_bucket": "fir-chat-5f78f.appspot.com"
  },
  "client": [
    {
      "client_info": {
        "mobilesdk_app_id": "1:38520377908:android:b55b2c3d900ab3a045f061",
        "android_client_info": {
          "package_name": "com.bytesbee.firebase.chat.activities"
        }
      },
      "oauth_client": [],
      "api_key": [
        {
          "current_key": "AIzaSyCwlci_yxcWG9vrxQgM3CAVMzNNW4TJVuY"
        }
      ],
      "services": {
        "appinvite_service": {
          "other_platform_oauth_client": []
        }
      }
    }
  ],
  "configuration_version": "1"
}